scale,alpha
comm_eff,0.8660608391832547
psych_safety,0.7173567661262665
stai6,0.8165229655528118
trust_ai,0.8152600974383155
