scale,alpha,n_items
comm_eff,0.8636504253673627,5
psych_safety,0.7742153591136122,7
stai6,0.8788768938516425,6
trust_ai,0.8737589165220744,5
