scale,alpha,n_items
comm_eff,0.8636898253984029,5
psych_safety,0.7245113292916285,7
stai6,0.7853418354992331,6
trust_ai,0.7714376304054332,5
